x,country,date,historyValue1,historyValue2,historyValue3,historyValue4
0,USD,2018/05/16,29.52,30.062,29.82,29.92
1,USD,2018/05/15,29.5,30.042,29.8,29.9
2,USD,2018/05/14,29.38,29.922,29.68,29.78
3,USD,2018/05/11,29.41,29.952,29.71,29.81
4,USD,2018/05/10,29.51,30.052,29.81,29.91
5,USD,2018/05/09,29.575,30.117,29.875,29.975
6,USD,2018/05/08,29.43,29.972,29.73,29.83
7,USD,2018/05/07,29.405,29.947,29.705,29.805
8,USD,2018/05/04,29.355,29.897,29.655,29.755
9,USD,2018/05/03,29.375,29.917,29.675,29.775
10,USD,2018/05/02,29.385,29.927,29.685,29.785
11,USD,2018/04/30,29.255,29.797,29.555,29.655
12,USD,2018/04/27,29.27,29.812,29.57,29.67
13,USD,2018/04/26,29.355,29.897,29.655,29.755
14,USD,2018/04/25,29.3,29.842,29.6,29.7
15,USD,2018/04/24,29.26,29.802,29.56,29.66
16,USD,2018/04/23,29.175,29.717,29.475,29.575
17,USD,2018/04/20,29.055,29.597,29.355,29.455
18,USD,2018/04/19,28.99,29.532,29.29,29.39
19,USD,2018/04/18,29.005,29.547,29.305,29.405
20,USD,2018/04/17,29.005,29.547,29.305,29.405
21,USD,2018/04/16,29.06,29.602,29.36,29.46
22,USD,2018/04/13,28.94,29.482,29.24,29.34
23,USD,2018/04/12,28.905,29.447,29.205,29.305
24,USD,2018/04/11,28.845,29.387,29.145,29.245
25,USD,2018/04/10,28.835,29.377,29.135,29.235
26,USD,2018/04/09,28.845,29.387,29.145,29.245
27,USD,2018/04/03,28.79,29.332,29.09,29.19
28,USD,2018/04/02,28.785,29.327,29.085,29.185
29,USD,2018/03/31,28.755,29.297,29.055,29.155
30,USD,2018/03/30,28.755,29.297,29.055,29.155
31,USD,2018/03/29,28.8,29.342,29.1,29.2
32,USD,2018/03/28,28.805,29.347,29.105,29.205
33,USD,2018/03/27,28.785,29.327,29.085,29.185
34,USD,2018/03/26,28.795,29.337,29.095,29.195
35,USD,2018/03/23,28.81,29.352,29.11,29.21
36,USD,2018/03/22,28.795,29.337,29.095,29.195
37,USD,2018/03/21,28.825,29.367,29.125,29.225
38,USD,2018/03/20,28.81,29.352,29.11,29.21
39,USD,2018/03/19,28.84,29.382,29.14,29.24
40,USD,2018/03/16,28.81,29.352,29.11,29.21
41,USD,2018/03/15,28.835,29.377,29.135,29.235
42,USD,2018/03/14,28.9,29.442,29.2,29.3
43,USD,2018/03/13,28.9,29.442,29.2,29.3
44,USD,2018/03/12,28.925,29.467,29.225,29.325
45,USD,2018/03/09,28.94,29.482,29.24,29.34
46,USD,2018/03/08,28.91,29.452,29.21,29.31
47,USD,2018/03/07,28.9,29.442,29.2,29.3
48,USD,2018/03/06,28.925,29.467,29.225,29.325
49,USD,2018/03/05,28.93,29.472,29.23,29.33
50,USD,2018/03/02,28.925,29.467,29.225,29.325
51,USD,2018/03/01,28.95,29.492,29.25,29.35
52,USD,2018/02/27,28.845,29.387,29.145,29.245
53,USD,2018/02/26,28.875,29.417,29.175,29.275
54,USD,2018/02/23,28.945,29.487,29.245,29.345
55,USD,2018/02/22,28.92,29.462,29.22,29.32
56,USD,2018/02/21,28.84,29.382,29.14,29.24
57,USD,2018/02/14,28.965,29.507,29.265,29.365
58,USD,2018/02/13,28.99,29.532,29.29,29.39
59,USD,2018/02/12,29.035,29.577,29.335,29.435
60,USD,2018/02/09,29.025,29.567,29.325,29.425
61,USD,2018/02/08,29.005,29.547,29.305,29.405
62,USD,2018/02/07,28.9,29.442,29.2,29.3
63,USD,2018/02/06,29,29.542,29.3,29.4
64,USD,2018/02/05,28.945,29.487,29.245,29.345
65,USD,2018/02/02,28.865,29.407,29.165,29.265
66,USD,2018/02/01,28.845,29.387,29.145,29.245
0,HKD,2018/05/16,3.66,3.85,3.775,3.835
1,HKD,2018/05/15,3.657,3.847,3.772,3.832
2,HKD,2018/05/14,3.642,3.832,3.757,3.817
3,HKD,2018/05/11,3.646,3.836,3.761,3.821
4,HKD,2018/05/10,3.658,3.848,3.773,3.833
5,HKD,2018/05/09,3.667,3.857,3.782,3.842
6,HKD,2018/05/08,3.648,3.838,3.763,3.823
7,HKD,2018/05/07,3.645,3.835,3.76,3.82
8,HKD,2018/05/04,3.639,3.829,3.754,3.814
9,HKD,2018/05/03,3.641,3.831,3.756,3.816
10,HKD,2018/05/02,3.642,3.832,3.757,3.817
11,HKD,2018/04/30,3.626,3.816,3.741,3.801
12,HKD,2018/04/27,3.629,3.819,3.744,3.804
13,HKD,2018/04/26,3.64,3.83,3.755,3.815
14,HKD,2018/04/25,3.632,3.822,3.747,3.807
15,HKD,2018/04/24,3.628,3.818,3.743,3.803
16,HKD,2018/04/23,3.619,3.809,3.734,3.794
17,HKD,2018/04/20,3.602,3.792,3.717,3.777
18,HKD,2018/04/19,3.593,3.783,3.708,3.768
19,HKD,2018/04/18,3.594,3.784,3.709,3.769
20,HKD,2018/04/17,3.594,3.784,3.709,3.769
21,HKD,2018/04/16,3.601,3.791,3.716,3.776
22,HKD,2018/04/13,3.586,3.776,3.701,3.761
23,HKD,2018/04/12,3.581,3.771,3.696,3.756
24,HKD,2018/04/11,3.574,3.764,3.689,3.749
25,HKD,2018/04/10,3.573,3.763,3.688,3.748
26,HKD,2018/04/09,3.574,3.764,3.689,3.749
27,HKD,2018/04/03,3.567,3.757,3.682,3.742
28,HKD,2018/04/02,3.567,3.757,3.682,3.742
29,HKD,2018/03/31,3.563,3.753,3.678,3.738
30,HKD,2018/03/30,3.563,3.753,3.678,3.738
31,HKD,2018/03/29,3.569,3.759,3.684,3.744
32,HKD,2018/03/28,3.57,3.76,3.685,3.745
33,HKD,2018/03/27,3.567,3.757,3.682,3.742
34,HKD,2018/03/26,3.568,3.758,3.683,3.743
35,HKD,2018/03/23,3.57,3.76,3.685,3.745
36,HKD,2018/03/22,3.569,3.759,3.684,3.744
37,HKD,2018/03/21,3.573,3.763,3.688,3.748
38,HKD,2018/03/20,3.572,3.762,3.687,3.747
39,HKD,2018/03/19,3.576,3.766,3.691,3.751
40,HKD,2018/03/16,3.572,3.762,3.687,3.747
41,HKD,2018/03/15,3.576,3.766,3.691,3.751
42,HKD,2018/03/14,3.585,3.775,3.7,3.76
43,HKD,2018/03/13,3.585,3.775,3.7,3.76
44,HKD,2018/03/12,3.589,3.779,3.704,3.764
45,HKD,2018/03/09,3.591,3.781,3.706,3.766
46,HKD,2018/03/08,3.59,3.78,3.705,3.765
47,HKD,2018/03/07,3.588,3.778,3.703,3.763
48,HKD,2018/03/06,3.592,3.782,3.707,3.767
49,HKD,2018/03/05,3.593,3.783,3.708,3.768
50,HKD,2018/03/02,3.594,3.784,3.709,3.769
51,HKD,2018/03/01,3.598,3.788,3.713,3.773
52,HKD,2018/02/27,3.585,3.775,3.7,3.76
53,HKD,2018/02/26,3.59,3.78,3.705,3.765
54,HKD,2018/02/23,3.599,3.789,3.714,3.774
55,HKD,2018/02/22,3.595,3.785,3.71,3.77
56,HKD,2018/02/21,3.585,3.775,3.7,3.76
57,HKD,2018/02/14,3.602,3.792,3.717,3.777
58,HKD,2018/02/13,3.605,3.795,3.72,3.78
59,HKD,2018/02/12,3.612,3.802,3.727,3.787
60,HKD,2018/02/09,3.611,3.801,3.726,3.786
61,HKD,2018/02/08,3.609,3.799,3.724,3.784
62,HKD,2018/02/07,3.595,3.785,3.71,3.77
63,HKD,2018/02/06,3.608,3.798,3.723,3.783
64,HKD,2018/02/05,3.6,3.79,3.715,3.775
65,HKD,2018/02/02,3.591,3.781,3.706,3.766
66,HKD,2018/02/01,3.587,3.777,3.702,3.762
0,GBP,2018/05/16,39.26,41.19,40.13,40.55
1,GBP,2018/05/15,39.3,41.23,40.17,40.59
2,GBP,2018/05/14,39.32,41.25,40.19,40.61
3,GBP,2018/05/11,39.21,41.14,40.08,40.5
4,GBP,2018/05/10,39.36,41.29,40.23,40.65
5,GBP,2018/05/09,39.42,41.35,40.29,40.71
6,GBP,2018/05/08,39.23,41.16,40.1,40.52
7,GBP,2018/05/07,39.26,41.19,40.13,40.55
8,GBP,2018/05/04,39.23,41.16,40.1,40.52
9,GBP,2018/05/03,39.42,41.35,40.29,40.71
10,GBP,2018/05/02,39.45,41.38,40.32,40.74
11,GBP,2018/04/30,39.65,41.58,40.52,40.94
12,GBP,2018/04/27,40.05,41.98,40.92,41.34
13,GBP,2018/04/26,40.24,42.17,41.11,41.53
14,GBP,2018/04/25,40.26,42.19,41.13,41.55
15,GBP,2018/04/24,40.18,42.11,41.05,41.47
16,GBP,2018/04/23,40.26,42.19,41.13,41.55
17,GBP,2018/04/20,40.23,42.16,41.1,41.52
18,GBP,2018/04/19,40.56,42.49,41.43,41.85
19,GBP,2018/04/18,40.85,42.78,41.72,42.14
20,GBP,2018/04/17,41.11,43.04,41.98,42.4
21,GBP,2018/04/16,40.87,42.8,41.74,42.16
22,GBP,2018/04/13,40.74,42.67,41.61,42.03
23,GBP,2018/04/12,40.42,42.35,41.29,41.71
24,GBP,2018/04/11,40.41,42.34,41.28,41.7
25,GBP,2018/04/10,40.25,42.18,41.12,41.54
26,GBP,2018/04/09,40.13,42.06,41,41.42
27,GBP,2018/04/03,39.95,41.88,40.82,41.24
28,GBP,2018/04/02,39.91,41.84,40.78,41.2
29,GBP,2018/03/31,39.71,41.64,40.58,41
30,GBP,2018/03/30,39.82,41.75,40.69,41.11
31,GBP,2018/03/29,39.89,41.82,40.76,41.18
32,GBP,2018/03/28,40.25,42.18,41.12,41.54
33,GBP,2018/03/27,40.25,42.18,41.12,41.54
34,GBP,2018/03/26,40.28,42.21,41.15,41.57
35,GBP,2018/03/23,40.04,41.97,40.91,41.33
36,GBP,2018/03/22,40.2,42.13,41.07,41.49
37,GBP,2018/03/21,39.85,41.78,40.72,41.14
38,GBP,2018/03/20,39.92,41.85,40.79,41.21
39,GBP,2018/03/19,39.57,41.5,40.44,40.86
40,GBP,2018/03/16,39.59,41.52,40.46,40.88
41,GBP,2018/03/15,39.73,41.66,40.6,41.02
42,GBP,2018/03/14,39.77,41.7,40.64,41.06
43,GBP,2018/03/13,39.55,41.48,40.42,40.84
44,GBP,2018/03/12,39.54,41.47,40.41,40.83
45,GBP,2018/03/09,39.44,41.37,40.31,40.73
46,GBP,2018/03/08,39.61,41.54,40.48,40.9
47,GBP,2018/03/07,39.52,41.45,40.39,40.81
48,GBP,2018/03/06,39.4,41.33,40.27,40.69
49,GBP,2018/03/05,39.28,41.21,40.15,40.57
50,GBP,2018/03/02,39.24,41.17,40.11,40.53
51,GBP,2018/03/01,39.23,41.16,40.1,40.52
52,GBP,2018/02/27,39.77,41.7,40.64,41.06
53,GBP,2018/02/26,39.93,41.86,40.8,41.22
54,GBP,2018/02/23,39.76,41.69,40.63,41.05
55,GBP,2018/02/22,39.58,41.51,40.45,40.87
56,GBP,2018/02/21,39.72,41.65,40.59,41.01
57,GBP,2018/02/14,39.67,41.6,40.54,40.96
58,GBP,2018/02/13,39.58,41.51,40.45,40.87
59,GBP,2018/02/12,39.58,41.51,40.45,40.87
60,GBP,2018/02/09,39.97,41.9,40.84,41.26
61,GBP,2018/02/08,39.68,41.61,40.55,40.97
62,GBP,2018/02/07,39.7,41.63,40.57,40.99
63,GBP,2018/02/06,39.92,41.85,40.79,41.21
64,GBP,2018/02/05,40.25,42.18,41.12,41.54
65,GBP,2018/02/02,40.58,42.51,41.45,41.87
66,GBP,2018/02/01,40.4,42.33,41.27,41.69
0,AUD,2018/05/16,22.01,22.67,22.2,22.43
1,AUD,2018/05/15,22.13,22.79,22.32,22.55
2,AUD,2018/05/14,22.14,22.8,22.33,22.56
3,AUD,2018/05/11,22.13,22.79,22.32,22.55
4,AUD,2018/05/10,22.04,22.7,22.23,22.46
5,AUD,2018/05/09,21.93,22.59,22.12,22.35
6,AUD,2018/05/08,22.02,22.68,22.21,22.44
7,AUD,2018/05/07,22.06,22.72,22.25,22.48
8,AUD,2018/05/04,22.06,22.72,22.25,22.48
9,AUD,2018/05/03,22.07,22.73,22.26,22.49
10,AUD,2018/05/02,22.07,22.73,22.26,22.49
11,AUD,2018/04/30,22.06,22.72,22.25,22.48
12,AUD,2018/04/27,22.04,22.7,22.23,22.46
13,AUD,2018/04/26,22.15,22.81,22.34,22.57
14,AUD,2018/04/25,22.13,22.79,22.32,22.55
15,AUD,2018/04/24,22.21,22.87,22.4,22.63
16,AUD,2018/04/23,22.3,22.96,22.49,22.72
17,AUD,2018/04/20,22.34,23,22.53,22.76
18,AUD,2018/04/19,22.57,23.23,22.76,22.99
19,AUD,2018/04/18,22.46,23.12,22.65,22.88
20,AUD,2018/04/17,22.54,23.2,22.73,22.96
21,AUD,2018/04/16,22.56,23.22,22.75,22.98
22,AUD,2018/04/13,22.54,23.2,22.73,22.96
23,AUD,2018/04/12,22.37,23.03,22.56,22.79
24,AUD,2018/04/11,22.32,22.98,22.51,22.74
25,AUD,2018/04/10,22.23,22.89,22.42,22.65
26,AUD,2018/04/09,22.1,22.76,22.29,22.52
27,AUD,2018/04/03,22.12,22.78,22.31,22.54
28,AUD,2018/04/02,22.08,22.74,22.27,22.5
29,AUD,2018/03/31,22.04,22.7,22.23,22.46
30,AUD,2018/03/30,22.11,22.77,22.3,22.53
31,AUD,2018/03/29,22.07,22.73,22.26,22.49
32,AUD,2018/03/28,22.04,22.7,22.23,22.46
33,AUD,2018/03/27,22.22,22.88,22.41,22.64
34,AUD,2018/03/26,22.23,22.89,22.42,22.65
35,AUD,2018/03/23,22.21,22.87,22.4,22.63
36,AUD,2018/03/22,22.28,22.94,22.47,22.7
37,AUD,2018/03/21,22.16,22.82,22.35,22.58
38,AUD,2018/03/20,22.14,22.8,22.33,22.56
39,AUD,2018/03/19,22.16,22.82,22.35,22.58
40,AUD,2018/03/16,22.42,23.08,22.61,22.84
41,AUD,2018/03/15,22.65,23.31,22.84,23.07
42,AUD,2018/03/14,22.74,23.4,22.93,23.16
43,AUD,2018/03/13,22.69,23.35,22.88,23.11
44,AUD,2018/03/12,22.74,23.4,22.93,23.16
45,AUD,2018/03/09,22.55,23.21,22.74,22.97
46,AUD,2018/03/08,22.57,23.23,22.76,22.99
47,AUD,2018/03/07,22.53,23.19,22.72,22.95
48,AUD,2018/03/06,22.41,23.07,22.6,22.83
49,AUD,2018/03/05,22.35,23.01,22.54,22.77
50,AUD,2018/03/02,22.41,23.07,22.6,22.83
51,AUD,2018/03/01,22.35,23.01,22.54,22.77
52,AUD,2018/02/27,22.61,23.27,22.8,23.03
53,AUD,2018/02/26,22.73,23.39,22.92,23.15
54,AUD,2018/02/23,22.61,23.27,22.8,23.03
55,AUD,2018/02/22,22.53,23.19,22.72,22.95
56,AUD,2018/02/21,22.59,23.25,22.78,23.01
57,AUD,2018/02/14,22.77,23.43,22.96,23.19
58,AUD,2018/02/13,22.76,23.42,22.95,23.18
59,AUD,2018/02/12,22.66,23.32,22.85,23.08
60,AUD,2018/02/09,22.58,23.24,22.77,23
61,AUD,2018/02/08,22.69,23.35,22.88,23.11
62,AUD,2018/02/07,22.7,23.36,22.89,23.12
63,AUD,2018/02/06,22.77,23.43,22.96,23.19
64,AUD,2018/02/05,22.91,23.57,23.1,23.33
65,AUD,2018/02/02,23.09,23.75,23.28,23.51
66,AUD,2018/02/01,23.09,23.75,23.28,23.51
0,CAD,2018/05/16,22.85,23.59,23.12,23.34
1,CAD,2018/05/15,22.93,23.67,23.2,23.42
2,CAD,2018/05/14,22.89,23.63,23.16,23.38
3,CAD,2018/05/11,22.95,23.69,23.22,23.44
4,CAD,2018/05/10,22.99,23.73,23.26,23.48
5,CAD,2018/05/09,22.72,23.46,22.99,23.21
6,CAD,2018/05/08,22.63,23.37,22.9,23.12
7,CAD,2018/05/07,22.76,23.5,23.03,23.25
8,CAD,2018/05/04,22.72,23.46,22.99,23.21
9,CAD,2018/05/03,22.77,23.51,23.04,23.26
10,CAD,2018/05/02,22.83,23.57,23.1,23.32
11,CAD,2018/04/30,22.66,23.4,22.93,23.15
12,CAD,2018/04/27,22.61,23.35,22.88,23.1
13,CAD,2018/04/26,22.74,23.48,23.01,23.23
14,CAD,2018/04/25,22.67,23.41,22.94,23.16
15,CAD,2018/04/24,22.68,23.42,22.95,23.17
16,CAD,2018/04/23,22.73,23.47,23,23.22
17,CAD,2018/04/20,22.82,23.56,23.09,23.31
18,CAD,2018/04/19,22.87,23.61,23.14,23.36
19,CAD,2018/04/18,22.96,23.7,23.23,23.45
20,CAD,2018/04/17,22.99,23.73,23.26,23.48
21,CAD,2018/04/16,22.96,23.7,23.23,23.45
22,CAD,2018/04/13,22.93,23.67,23.2,23.42
23,CAD,2018/04/12,22.83,23.57,23.1,23.32
24,CAD,2018/04/11,22.78,23.52,23.05,23.27
25,CAD,2018/04/10,22.62,23.36,22.89,23.11
26,CAD,2018/04/09,22.46,23.2,22.73,22.95
27,CAD,2018/04/03,22.24,22.98,22.51,22.73
28,CAD,2018/04/02,22.24,22.98,22.51,22.73
29,CAD,2018/03/31,22.19,22.93,22.46,22.68
30,CAD,2018/03/30,22.25,22.99,22.52,22.74
31,CAD,2018/03/29,22.2,22.94,22.47,22.69
32,CAD,2018/03/28,22.22,22.96,22.49,22.71
33,CAD,2018/03/27,22.3,23.04,22.57,22.79
34,CAD,2018/03/26,22.29,23.03,22.56,22.78
35,CAD,2018/03/23,22.22,22.96,22.49,22.71
36,CAD,2018/03/22,22.24,22.98,22.51,22.73
37,CAD,2018/03/21,22.02,22.76,22.29,22.51
38,CAD,2018/03/20,21.93,22.67,22.2,22.42
39,CAD,2018/03/19,21.87,22.61,22.14,22.36
40,CAD,2018/03/16,21.95,22.69,22.22,22.44
41,CAD,2018/03/15,22.16,22.9,22.43,22.65
42,CAD,2018/03/14,22.2,22.94,22.47,22.69
43,CAD,2018/03/13,22.37,23.11,22.64,22.86
44,CAD,2018/03/12,22.47,23.21,22.74,22.96
45,CAD,2018/03/09,22.37,23.11,22.64,22.86
46,CAD,2018/03/08,22.32,23.06,22.59,22.81
47,CAD,2018/03/07,22.24,22.98,22.51,22.73
48,CAD,2018/03/06,22.17,22.91,22.44,22.66
49,CAD,2018/03/05,22.31,23.05,22.58,22.8
50,CAD,2018/03/02,22.43,23.17,22.7,22.92
51,CAD,2018/03/01,22.46,23.2,22.73,22.95
52,CAD,2018/02/27,22.65,23.39,22.92,23.14
53,CAD,2018/02/26,22.76,23.5,23.03,23.25
54,CAD,2018/02/23,22.67,23.41,22.94,23.16
55,CAD,2018/02/22,22.67,23.41,22.94,23.16
56,CAD,2018/02/21,22.66,23.4,22.93,23.15
57,CAD,2018/02/14,22.93,23.67,23.2,23.42
58,CAD,2018/02/13,22.95,23.69,23.22,23.44
59,CAD,2018/02/12,22.99,23.73,23.26,23.48
60,CAD,2018/02/09,22.95,23.69,23.22,23.44
61,CAD,2018/02/08,22.96,23.7,23.23,23.45
62,CAD,2018/02/07,22.99,23.73,23.26,23.48
63,CAD,2018/02/06,23.05,23.79,23.32,23.54
64,CAD,2018/02/05,23.21,23.95,23.48,23.7
65,CAD,2018/02/02,23.41,24.15,23.68,23.9
66,CAD,2018/02/01,23.32,24.06,23.59,23.81
0,SGD,2018/05/16,21.73,22.51,22.15,22.33
1,SGD,2018/05/15,21.81,22.59,22.23,22.41
2,SGD,2018/05/14,21.81,22.59,22.23,22.41
3,SGD,2018/05/11,21.76,22.54,22.18,22.36
4,SGD,2018/05/10,21.74,22.52,22.16,22.34
5,SGD,2018/05/09,21.76,22.54,22.18,22.36
6,SGD,2018/05/08,21.77,22.55,22.19,22.37
7,SGD,2018/05/07,21.77,22.55,22.19,22.37
8,SGD,2018/05/04,21.79,22.57,22.21,22.39
9,SGD,2018/05/03,21.81,22.59,22.23,22.41
10,SGD,2018/05/02,21.78,22.56,22.2,22.38
11,SGD,2018/04/30,21.85,22.63,22.27,22.45
12,SGD,2018/04/27,21.81,22.59,22.23,22.41
13,SGD,2018/04/26,21.86,22.64,22.28,22.46
14,SGD,2018/04/25,21.81,22.59,22.23,22.41
15,SGD,2018/04/24,21.86,22.64,22.28,22.46
16,SGD,2018/04/23,21.87,22.65,22.29,22.47
17,SGD,2018/04/20,21.89,22.67,22.31,22.49
18,SGD,2018/04/19,21.91,22.69,22.33,22.51
19,SGD,2018/04/18,21.88,22.66,22.3,22.48
20,SGD,2018/04/17,21.92,22.7,22.34,22.52
21,SGD,2018/04/16,21.92,22.7,22.34,22.52
22,SGD,2018/04/13,21.83,22.61,22.25,22.43
23,SGD,2018/04/12,21.83,22.61,22.25,22.43
24,SGD,2018/04/11,21.8,22.58,22.22,22.4
25,SGD,2018/04/10,21.75,22.53,22.17,22.35
26,SGD,2018/04/09,21.72,22.5,22.14,22.32
27,SGD,2018/04/03,21.74,22.52,22.16,22.34
28,SGD,2018/04/02,21.74,22.52,22.16,22.34
29,SGD,2018/03/31,21.7,22.48,22.12,22.3
30,SGD,2018/03/30,21.71,22.49,22.13,22.31
31,SGD,2018/03/29,21.71,22.49,22.13,22.31
32,SGD,2018/03/28,21.77,22.55,22.19,22.37
33,SGD,2018/03/27,21.78,22.56,22.2,22.38
34,SGD,2018/03/26,21.72,22.5,22.14,22.32
35,SGD,2018/03/23,21.66,22.44,22.08,22.26
36,SGD,2018/03/22,21.69,22.47,22.11,22.29
37,SGD,2018/03/21,21.63,22.41,22.05,22.23
38,SGD,2018/03/20,21.66,22.44,22.08,22.26
39,SGD,2018/03/19,21.64,22.42,22.06,22.24
40,SGD,2018/03/16,21.69,22.47,22.11,22.29
41,SGD,2018/03/15,21.77,22.55,22.19,22.37
42,SGD,2018/03/14,21.82,22.6,22.24,22.42
43,SGD,2018/03/13,21.75,22.53,22.17,22.35
44,SGD,2018/03/12,21.77,22.55,22.19,22.37
45,SGD,2018/03/09,21.72,22.5,22.14,22.32
46,SGD,2018/03/08,21.76,22.54,22.18,22.36
47,SGD,2018/03/07,21.73,22.51,22.15,22.33
48,SGD,2018/03/06,21.67,22.45,22.09,22.27
49,SGD,2018/03/05,21.66,22.44,22.08,22.26
50,SGD,2018/03/02,21.66,22.44,22.08,22.26
51,SGD,2018/03/01,21.6,22.38,22.02,22.2
52,SGD,2018/02/27,21.65,22.43,22.07,22.25
53,SGD,2018/02/26,21.7,22.48,22.12,22.3
54,SGD,2018/02/23,21.63,22.41,22.05,22.23
55,SGD,2018/02/22,21.6,22.38,22.02,22.2
56,SGD,2018/02/21,21.59,22.37,22.01,22.19
57,SGD,2018/02/14,21.71,22.49,22.13,22.31
58,SGD,2018/02/13,21.67,22.45,22.09,22.27
59,SGD,2018/02/12,21.65,22.43,22.07,22.25
60,SGD,2018/02/09,21.56,22.34,21.98,22.16
61,SGD,2018/02/08,21.59,22.37,22.01,22.19
62,SGD,2018/02/07,21.68,22.46,22.1,22.28
63,SGD,2018/02/06,21.7,22.48,22.12,22.3
64,SGD,2018/02/05,21.73,22.51,22.15,22.33
65,SGD,2018/02/02,21.77,22.55,22.19,22.37
66,SGD,2018/02/01,21.72,22.5,22.14,22.32
0,CHF,2018/05/16,29.18,30.24,29.71,30
1,CHF,2018/05/15,29.15,30.21,29.68,29.97
2,CHF,2018/05/14,29.09,30.15,29.62,29.91
3,CHF,2018/05/11,28.99,30.05,29.52,29.81
4,CHF,2018/05/10,29.03,30.09,29.56,29.85
5,CHF,2018/05/09,29.12,30.18,29.65,29.94
6,CHF,2018/05/08,29.03,30.09,29.56,29.85
7,CHF,2018/05/07,29.01,30.07,29.54,29.83
8,CHF,2018/05/04,29.05,30.11,29.58,29.87
9,CHF,2018/05/03,29.16,30.22,29.69,29.98
10,CHF,2018/05/02,29.22,30.28,29.75,30.04
11,CHF,2018/04/30,29.26,30.32,29.79,30.08
12,CHF,2018/04/27,29.2,30.26,29.73,30.02
13,CHF,2018/04/26,29.48,30.54,30.01,30.3
14,CHF,2018/04/25,29.5,30.56,30.03,30.32
15,CHF,2018/04/24,29.57,30.63,30.1,30.39
16,CHF,2018/04/23,29.56,30.62,30.09,30.38
17,CHF,2018/04/20,29.58,30.64,30.11,30.4
18,CHF,2018/04/19,29.61,30.67,30.14,30.43
19,CHF,2018/04/18,29.63,30.69,30.16,30.45
20,CHF,2018/04/17,29.9,30.96,30.43,30.72
21,CHF,2018/04/16,29.92,30.98,30.45,30.74
22,CHF,2018/04/13,29.81,30.87,30.34,30.63
23,CHF,2018/04/12,29.79,30.85,30.32,30.61
24,CHF,2018/04/11,29.76,30.82,30.29,30.58
25,CHF,2018/04/10,29.87,30.93,30.4,30.69
26,CHF,2018/04/09,29.75,30.81,30.28,30.57
27,CHF,2018/04/03,29.84,30.9,30.37,30.66
28,CHF,2018/04/02,29.87,30.93,30.4,30.69
29,CHF,2018/03/31,29.82,30.88,30.35,30.64
30,CHF,2018/03/30,29.84,30.9,30.37,30.66
31,CHF,2018/03/29,29.78,30.84,30.31,30.6
32,CHF,2018/03/28,30.04,31.1,30.57,30.86
33,CHF,2018/03/27,30.18,31.24,30.71,31
34,CHF,2018/03/26,30.08,31.14,30.61,30.9
35,CHF,2018/03/23,30.09,31.15,30.62,30.91
36,CHF,2018/03/22,30.12,31.18,30.65,30.94
37,CHF,2018/03/21,29.87,30.93,30.4,30.69
38,CHF,2018/03/20,29.97,31.03,30.5,30.79
39,CHF,2018/03/19,29.89,30.95,30.42,30.71
40,CHF,2018/03/16,30.01,31.07,30.54,30.83
41,CHF,2018/03/15,30.18,31.24,30.71,31
42,CHF,2018/03/14,30.28,31.34,30.81,31.1
43,CHF,2018/03/13,30.14,31.2,30.67,30.96
44,CHF,2018/03/12,30.15,31.21,30.68,30.97
45,CHF,2018/03/09,30.1,31.16,30.63,30.92
46,CHF,2018/03/08,30.35,31.41,30.88,31.17
47,CHF,2018/03/07,30.42,31.48,30.95,31.24
48,CHF,2018/03/06,30.42,31.48,30.95,31.24
49,CHF,2018/03/05,30.56,31.62,31.09,31.38
50,CHF,2018/03/02,30.47,31.53,31,31.29
51,CHF,2018/03/01,30.32,31.38,30.85,31.14
52,CHF,2018/02/27,30.48,31.54,31.01,31.3
53,CHF,2018/02/26,30.59,31.65,31.12,31.41
54,CHF,2018/02/23,30.64,31.7,31.17,31.46
55,CHF,2018/02/22,30.44,31.5,30.97,31.26
56,CHF,2018/02/21,30.43,31.49,30.96,31.25
57,CHF,2018/02/14,30.73,31.79,31.26,31.55
58,CHF,2018/02/13,30.71,31.77,31.24,31.53
59,CHF,2018/02/12,30.61,31.67,31.14,31.43
60,CHF,2018/02/09,30.61,31.67,31.14,31.43
61,CHF,2018/02/08,30.43,31.49,30.96,31.25
62,CHF,2018/02/07,30.59,31.65,31.12,31.41
63,CHF,2018/02/06,30.78,31.84,31.31,31.6
64,CHF,2018/02/05,30.79,31.85,31.32,31.61
65,CHF,2018/02/02,30.84,31.9,31.37,31.66
66,CHF,2018/02/01,30.61,31.67,31.14,31.43
0,JPY,2018/05/16,0.2626,0.2736,0.269,0.273
1,JPY,2018/05/15,0.2633,0.2743,0.2697,0.2737
2,JPY,2018/05/14,0.263,0.274,0.2694,0.2734
3,JPY,2018/05/11,0.2638,0.2748,0.2702,0.2742
4,JPY,2018/05/10,0.2633,0.2743,0.2697,0.2737
5,JPY,2018/05/09,0.2644,0.2754,0.2708,0.2748
6,JPY,2018/05/08,0.265,0.276,0.2714,0.2754
7,JPY,2018/05/07,0.2641,0.2751,0.2705,0.2745
8,JPY,2018/05/04,0.264,0.275,0.2704,0.2744
9,JPY,2018/05/03,0.2628,0.2738,0.2692,0.2732
10,JPY,2018/05/02,0.2625,0.2735,0.2689,0.2729
11,JPY,2018/04/30,0.2626,0.2736,0.269,0.273
12,JPY,2018/04/27,0.2624,0.2734,0.2688,0.2728
13,JPY,2018/04/26,0.2633,0.2743,0.2697,0.2737
14,JPY,2018/04/25,0.2631,0.2741,0.2695,0.2735
15,JPY,2018/04/24,0.2636,0.2746,0.27,0.274
16,JPY,2018/04/23,0.2653,0.2763,0.2717,0.2757
17,JPY,2018/04/20,0.265,0.276,0.2714,0.2754
18,JPY,2018/04/19,0.2651,0.2761,0.2715,0.2755
19,JPY,2018/04/18,0.2652,0.2762,0.2716,0.2756
20,JPY,2018/04/17,0.266,0.277,0.2724,0.2764
21,JPY,2018/04/16,0.266,0.277,0.2724,0.2764
22,JPY,2018/04/13,0.2638,0.2748,0.2702,0.2742
23,JPY,2018/04/12,0.2653,0.2763,0.2717,0.2757
24,JPY,2018/04/11,0.2645,0.2755,0.2709,0.2749
25,JPY,2018/04/10,0.2645,0.2755,0.2709,0.2749
26,JPY,2018/04/09,0.2642,0.2752,0.2706,0.2746
27,JPY,2018/04/03,0.2663,0.2773,0.2727,0.2767
28,JPY,2018/04/02,0.2658,0.2768,0.2722,0.2762
29,JPY,2018/03/31,0.2655,0.2765,0.2719,0.2759
30,JPY,2018/03/30,0.2657,0.2767,0.2721,0.2761
31,JPY,2018/03/29,0.2652,0.2762,0.2716,0.2756
32,JPY,2018/03/28,0.2681,0.2791,0.2745,0.2785
33,JPY,2018/03/27,0.2679,0.2789,0.2743,0.2783
34,JPY,2018/03/26,0.2689,0.2799,0.2753,0.2793
35,JPY,2018/03/23,0.2693,0.2803,0.2757,0.2797
36,JPY,2018/03/22,0.2675,0.2785,0.2739,0.2779
37,JPY,2018/03/21,0.2661,0.2771,0.2725,0.2765
38,JPY,2018/03/20,0.2655,0.2765,0.2719,0.2759
39,JPY,2018/03/19,0.2673,0.2783,0.2737,0.2777
40,JPY,2018/03/16,0.2676,0.2786,0.274,0.278
41,JPY,2018/03/15,0.2668,0.2778,0.2732,0.2772
42,JPY,2018/03/14,0.2661,0.2771,0.2725,0.2765
43,JPY,2018/03/13,0.2651,0.2761,0.2715,0.2755
44,JPY,2018/03/12,0.2664,0.2774,0.2728,0.2768
45,JPY,2018/03/09,0.2661,0.2771,0.2725,0.2765
46,JPY,2018/03/08,0.2679,0.2789,0.2743,0.2783
47,JPY,2018/03/07,0.2683,0.2793,0.2747,0.2787
48,JPY,2018/03/06,0.2675,0.2785,0.2739,0.2779
49,JPY,2018/03/05,0.2694,0.2804,0.2758,0.2798
50,JPY,2018/03/02,0.2685,0.2795,0.2749,0.2789
51,JPY,2018/03/01,0.266,0.277,0.2724,0.2764
52,JPY,2018/02/27,0.2642,0.2752,0.2706,0.2746
53,JPY,2018/02/26,0.2658,0.2768,0.2722,0.2762
54,JPY,2018/02/23,0.2655,0.2765,0.2719,0.2759
55,JPY,2018/02/22,0.264,0.275,0.2704,0.2744
56,JPY,2018/02/21,0.2625,0.2735,0.2689,0.2729
57,JPY,2018/02/14,0.2647,0.2757,0.2711,0.2751
58,JPY,2018/02/13,0.264,0.275,0.2704,0.2744
59,JPY,2018/02/12,0.2623,0.2733,0.2687,0.2727
60,JPY,2018/02/09,0.2607,0.2717,0.2671,0.2711
61,JPY,2018/02/08,0.2597,0.2707,0.2661,0.2701
62,JPY,2018/02/07,0.2601,0.2711,0.2665,0.2705
63,JPY,2018/02/06,0.2609,0.2719,0.2673,0.2713
64,JPY,2018/02/05,0.2583,0.2693,0.2647,0.2687
65,JPY,2018/02/02,0.2578,0.2688,0.2642,0.2682
66,JPY,2018/02/01,0.2581,0.2691,0.2645,0.2685
0,ZAR,2018/05/16,0.00000,0.00000,2.33,2.41
1,ZAR,2018/05/15,0.00000,0.00000,2.36,2.44
2,ZAR,2018/05/14,0.00000,0.00000,2.38,2.46
3,ZAR,2018/05/11,0.00000,0.00000,2.37,2.45
4,ZAR,2018/05/10,0.00000,0.00000,2.35,2.43
5,ZAR,2018/05/09,0.00000,0.00000,2.32,2.4
6,ZAR,2018/05/08,0.00000,0.00000,2.33,2.41
7,ZAR,2018/05/07,0.00000,0.00000,2.33,2.41
8,ZAR,2018/05/04,0.00000,0.00000,2.31,2.39
9,ZAR,2018/05/03,0.00000,0.00000,2.31,2.39
10,ZAR,2018/05/02,0.00000,0.00000,2.32,2.4
11,ZAR,2018/04/30,0.00000,0.00000,2.35,2.43
12,ZAR,2018/04/27,0.00000,0.00000,2.34,2.42
13,ZAR,2018/04/26,0.00000,0.00000,2.35,2.43
14,ZAR,2018/04/25,0.00000,0.00000,2.34,2.42
15,ZAR,2018/04/24,0.00000,0.00000,2.36,2.44
16,ZAR,2018/04/23,0.00000,0.00000,2.36,2.44
17,ZAR,2018/04/20,0.00000,0.00000,2.4,2.48
18,ZAR,2018/04/19,0.00000,0.00000,2.41,2.49
19,ZAR,2018/04/18,0.00000,0.00000,2.4,2.48
20,ZAR,2018/04/17,0.00000,0.00000,2.4,2.48
21,ZAR,2018/04/16,0.00000,0.00000,2.39,2.47
22,ZAR,2018/04/13,0.00000,0.00000,2.39,2.47
23,ZAR,2018/04/12,0.00000,0.00000,2.4,2.48
24,ZAR,2018/04/11,0.00000,0.00000,2.38,2.46
25,ZAR,2018/04/10,0.00000,0.00000,2.37,2.45
26,ZAR,2018/04/09,0.00000,0.00000,2.39,2.47
27,ZAR,2018/04/03,0.00000,0.00000,2.42,2.5
28,ZAR,2018/04/02,0.00000,0.00000,2.42,2.5
29,ZAR,2018/03/31,0.00000,0.00000,2.41,2.49
30,ZAR,2018/03/30,0.00000,0.00000,2.42,2.5
31,ZAR,2018/03/29,0.00000,0.00000,2.42,2.5
32,ZAR,2018/03/28,0.00000,0.00000,2.45,2.53
33,ZAR,2018/03/27,0.00000,0.00000,2.46,2.54
34,ZAR,2018/03/26,0.00000,0.00000,2.46,2.54
35,ZAR,2018/03/23,0.00000,0.00000,2.42,2.5
36,ZAR,2018/03/22,0.00000,0.00000,2.43,2.51
37,ZAR,2018/03/21,0.00000,0.00000,2.4,2.48
38,ZAR,2018/03/20,0.00000,0.00000,2.38,2.46
39,ZAR,2018/03/19,0.00000,0.00000,2.38,2.46
40,ZAR,2018/03/16,0.00000,0.00000,2.4,2.48
41,ZAR,2018/03/15,0.00000,0.00000,2.43,2.51
42,ZAR,2018/03/14,0.00000,0.00000,2.45,2.53
43,ZAR,2018/03/13,0.00000,0.00000,2.42,2.5
44,ZAR,2018/03/12,0.00000,0.00000,2.44,2.52
45,ZAR,2018/03/09,0.00000,0.00000,2.42,2.5
46,ZAR,2018/03/08,0.00000,0.00000,2.42,2.5
47,ZAR,2018/03/07,0.00000,0.00000,2.43,2.51
48,ZAR,2018/03/06,0.00000,0.00000,2.43,2.51
49,ZAR,2018/03/05,0.00000,0.00000,2.39,2.47
50,ZAR,2018/03/02,0.00000,0.00000,2.42,2.5
51,ZAR,2018/03/01,0.00000,0.00000,2.43,2.51
52,ZAR,2018/02/27,0.00000,0.00000,2.48,2.56
53,ZAR,2018/02/26,0.00000,0.00000,2.49,2.57
54,ZAR,2018/02/23,0.00000,0.00000,2.47,2.55
55,ZAR,2018/02/22,0.00000,0.00000,2.45,2.53
56,ZAR,2018/02/21,0.00000,0.00000,2.44,2.52
57,ZAR,2018/02/14,0.00000,0.00000,2.42,2.5
58,ZAR,2018/02/13,0.00000,0.00000,2.41,2.49
59,ZAR,2018/02/12,0.00000,0.00000,2.41,2.49
60,ZAR,2018/02/09,0.00000,0.00000,2.39,2.47
61,ZAR,2018/02/08,0.00000,0.00000,2.39,2.47
62,ZAR,2018/02/07,0.00000,0.00000,2.4,2.48
63,ZAR,2018/02/06,0.00000,0.00000,2.38,2.46
64,ZAR,2018/02/05,0.00000,0.00000,2.38,2.46
65,ZAR,2018/02/02,0.00000,0.00000,2.4,2.48
66,ZAR,2018/02/01,0.00000,0.00000,2.41,2.49
0,SEK,2018/05/16,3.05,3.56,3.39,3.49
1,SEK,2018/05/15,3.07,3.58,3.41,3.51
2,SEK,2018/05/14,3.08,3.59,3.42,3.52
3,SEK,2018/05/11,3.06,3.57,3.4,3.5
4,SEK,2018/05/10,3.05,3.56,3.39,3.49
5,SEK,2018/05/09,3.01,3.52,3.35,3.45
6,SEK,2018/05/08,3,3.51,3.34,3.44
7,SEK,2018/05/07,2.98,3.49,3.32,3.42
8,SEK,2018/05/04,2.98,3.49,3.32,3.42
9,SEK,2018/05/03,2.96,3.47,3.3,3.4
10,SEK,2018/05/02,2.98,3.49,3.32,3.42
11,SEK,2018/04/30,3.03,3.54,3.37,3.47
12,SEK,2018/04/27,3.01,3.52,3.35,3.45
13,SEK,2018/04/26,3.07,3.58,3.41,3.51
14,SEK,2018/04/25,3.09,3.6,3.43,3.53
15,SEK,2018/04/24,3.09,3.6,3.43,3.53
16,SEK,2018/04/23,3.1,3.61,3.44,3.54
17,SEK,2018/04/20,3.11,3.62,3.45,3.55
18,SEK,2018/04/19,3.11,3.62,3.45,3.55
19,SEK,2018/04/18,3.11,3.62,3.45,3.55
20,SEK,2018/04/17,3.1,3.61,3.44,3.54
21,SEK,2018/04/16,3.11,3.62,3.45,3.55
22,SEK,2018/04/13,3.1,3.61,3.44,3.54
23,SEK,2018/04/12,3.11,3.62,3.45,3.55
24,SEK,2018/04/11,3.13,3.64,3.47,3.57
25,SEK,2018/04/10,3.11,3.62,3.45,3.55
26,SEK,2018/04/09,3.1,3.61,3.44,3.54
27,SEK,2018/04/03,3.09,3.6,3.43,3.53
28,SEK,2018/04/02,3.11,3.62,3.45,3.55
29,SEK,2018/03/31,3.1,3.61,3.44,3.54
30,SEK,2018/03/30,3.1,3.61,3.44,3.54
31,SEK,2018/03/29,3.1,3.61,3.44,3.54
32,SEK,2018/03/28,3.14,3.65,3.48,3.58
33,SEK,2018/03/27,3.18,3.69,3.52,3.62
34,SEK,2018/03/26,3.17,3.68,3.51,3.61
35,SEK,2018/03/23,3.14,3.65,3.48,3.58
36,SEK,2018/03/22,3.18,3.69,3.52,3.62
37,SEK,2018/03/21,3.17,3.68,3.51,3.61
38,SEK,2018/03/20,3.18,3.69,3.52,3.62
39,SEK,2018/03/19,3.17,3.68,3.51,3.61
40,SEK,2018/03/16,3.18,3.69,3.52,3.62
41,SEK,2018/03/15,3.18,3.69,3.52,3.62
42,SEK,2018/03/14,3.18,3.69,3.52,3.62
43,SEK,2018/03/13,3.16,3.67,3.5,3.6
44,SEK,2018/03/12,3.17,3.68,3.51,3.61
45,SEK,2018/03/09,3.16,3.67,3.5,3.6
46,SEK,2018/03/08,3.17,3.68,3.51,3.61
47,SEK,2018/03/07,3.17,3.68,3.51,3.61
48,SEK,2018/03/06,3.15,3.66,3.49,3.59
49,SEK,2018/03/05,3.15,3.66,3.49,3.59
50,SEK,2018/03/02,3.16,3.67,3.5,3.6
51,SEK,2018/03/01,3.15,3.66,3.49,3.59
52,SEK,2018/02/27,3.2,3.71,3.54,3.64
53,SEK,2018/02/26,3.2,3.71,3.54,3.64
54,SEK,2018/02/23,3.21,3.72,3.55,3.65
55,SEK,2018/02/22,3.21,3.72,3.55,3.65
56,SEK,2018/02/21,3.22,3.73,3.56,3.66
57,SEK,2018/02/14,3.28,3.79,3.62,3.72
58,SEK,2018/02/13,3.26,3.77,3.6,3.7
59,SEK,2018/02/12,3.25,3.76,3.59,3.69
60,SEK,2018/02/09,3.24,3.75,3.58,3.68
61,SEK,2018/02/08,3.26,3.77,3.6,3.7
62,SEK,2018/02/07,3.29,3.8,3.63,3.73
63,SEK,2018/02/06,3.3,3.81,3.64,3.74
64,SEK,2018/02/05,3.32,3.83,3.66,3.76
65,SEK,2018/02/02,3.33,3.84,3.67,3.77
66,SEK,2018/02/01,3.31,3.82,3.65,3.75
0,NZD,2018/05/16,20.2,20.83,20.44,20.64
1,NZD,2018/05/15,20.3,20.93,20.54,20.74
2,NZD,2018/05/14,20.34,20.97,20.58,20.78
3,NZD,2018/05/11,20.4,21.03,20.64,20.84
4,NZD,2018/05/10,20.36,20.99,20.6,20.8
5,NZD,2018/05/09,20.49,21.12,20.73,20.93
6,NZD,2018/05/08,20.55,21.18,20.79,20.99
7,NZD,2018/05/07,20.54,21.17,20.78,20.98
8,NZD,2018/05/04,20.51,21.14,20.75,20.95
9,NZD,2018/05/03,20.53,21.16,20.77,20.97
10,NZD,2018/05/02,20.56,21.19,20.8,21
11,NZD,2018/04/30,20.58,21.21,20.82,21.02
12,NZD,2018/04/27,20.54,21.17,20.78,20.98
13,NZD,2018/04/26,20.63,21.26,20.87,21.07
14,NZD,2018/04/25,20.65,21.28,20.89,21.09
15,NZD,2018/04/24,20.72,21.35,20.96,21.16
16,NZD,2018/04/23,20.91,21.54,21.15,21.35
17,NZD,2018/04/20,20.92,21.55,21.16,21.36
18,NZD,2018/04/19,21.13,21.76,21.37,21.57
19,NZD,2018/04/18,21.13,21.76,21.37,21.57
20,NZD,2018/04/17,21.23,21.86,21.47,21.67
21,NZD,2018/04/16,21.31,21.94,21.55,21.75
22,NZD,2018/04/13,21.3,21.93,21.54,21.74
23,NZD,2018/04/12,21.26,21.89,21.5,21.7
24,NZD,2018/04/11,21.16,21.79,21.4,21.6
25,NZD,2018/04/10,21.08,21.71,21.32,21.52
26,NZD,2018/04/09,20.96,21.59,21.2,21.4
27,NZD,2018/04/03,20.81,21.44,21.05,21.25
28,NZD,2018/04/02,20.74,21.37,20.98,21.18
29,NZD,2018/03/31,20.76,21.39,21,21.2
30,NZD,2018/03/30,20.74,21.37,20.98,21.18
31,NZD,2018/03/29,20.66,21.29,20.9,21.1
32,NZD,2018/03/28,20.81,21.44,21.05,21.25
33,NZD,2018/03/27,20.89,21.52,21.13,21.33
34,NZD,2018/03/26,20.89,21.52,21.13,21.33
35,NZD,2018/03/23,20.76,21.39,21,21.2
36,NZD,2018/03/22,20.78,21.41,21.02,21.22
37,NZD,2018/03/21,20.61,21.24,20.85,21.05
38,NZD,2018/03/20,20.72,21.35,20.96,21.16
39,NZD,2018/03/19,20.69,21.32,20.93,21.13
40,NZD,2018/03/16,20.82,21.45,21.06,21.26
41,NZD,2018/03/15,21.03,21.66,21.27,21.47
42,NZD,2018/03/14,21.1,21.73,21.34,21.54
43,NZD,2018/03/13,21.07,21.7,21.31,21.51
44,NZD,2018/03/12,21.09,21.72,21.33,21.53
45,NZD,2018/03/09,20.98,21.61,21.22,21.42
46,NZD,2018/03/08,20.99,21.62,21.23,21.43
47,NZD,2018/03/07,20.98,21.61,21.22,21.42
48,NZD,2018/03/06,20.85,21.48,21.09,21.29
49,NZD,2018/03/05,20.77,21.4,21.01,21.21
50,NZD,2018/03/02,20.94,21.57,21.18,21.38
51,NZD,2018/03/01,20.79,21.42,21.03,21.23
52,NZD,2018/02/27,20.95,21.58,21.19,21.39
53,NZD,2018/02/26,21.11,21.74,21.35,21.55
54,NZD,2018/02/23,21.05,21.68,21.29,21.49
55,NZD,2018/02/22,21.07,21.7,21.31,21.51
56,NZD,2018/02/21,21.08,21.71,21.32,21.52
57,NZD,2018/02/14,21.09,21.72,21.33,21.53
58,NZD,2018/02/13,21.04,21.67,21.28,21.48
59,NZD,2018/02/12,20.97,21.6,21.21,21.41
60,NZD,2018/02/09,20.87,21.5,21.11,21.31
61,NZD,2018/02/08,20.83,21.46,21.07,21.27
62,NZD,2018/02/07,21.04,21.67,21.28,21.48
63,NZD,2018/02/06,21.09,21.72,21.33,21.53
64,NZD,2018/02/05,21.06,21.69,21.3,21.5
65,NZD,2018/02/02,21.2,21.83,21.44,21.64
66,NZD,2018/02/01,21.12,21.75,21.36,21.56
0,THB,2018/05/16,0.827,0.97,0.9155,0.9555
1,THB,2018/05/15,0.8313,0.9743,0.9198,0.9598
2,THB,2018/05/14,0.8315,0.9745,0.92,0.96
3,THB,2018/05/11,0.8276,0.9706,0.9161,0.9561
4,THB,2018/05/10,0.827,0.97,0.9155,0.9555
5,THB,2018/05/09,0.828,0.971,0.9165,0.9565
6,THB,2018/05/08,0.8309,0.9739,0.9194,0.9594
7,THB,2018/05/07,0.831,0.974,0.9195,0.9595
8,THB,2018/05/04,0.8341,0.9771,0.9226,0.9626
9,THB,2018/05/03,0.8347,0.9777,0.9232,0.9632
10,THB,2018/05/02,0.8342,0.9772,0.9227,0.9627
11,THB,2018/04/30,0.8354,0.9784,0.9239,0.9639
12,THB,2018/04/27,0.8332,0.9762,0.9217,0.9617
13,THB,2018/04/26,0.8365,0.9795,0.925,0.965
14,THB,2018/04/25,0.8358,0.9788,0.9243,0.9643
15,THB,2018/04/24,0.8373,0.9803,0.9258,0.9658
16,THB,2018/04/23,0.8346,0.9776,0.9231,0.9631
17,THB,2018/04/20,0.8365,0.9795,0.925,0.965
18,THB,2018/04/19,0.8362,0.9792,0.9247,0.9647
19,THB,2018/04/18,0.836,0.979,0.9245,0.9645
20,THB,2018/04/17,0.8375,0.9805,0.926,0.966
21,THB,2018/04/16,0.8382,0.9812,0.9267,0.9667
22,THB,2018/04/13,0.8367,0.9797,0.9252,0.9652
23,THB,2018/04/12,0.8349,0.9779,0.9234,0.9634
24,THB,2018/04/11,0.8331,0.9761,0.9216,0.9616
25,THB,2018/04/10,0.831,0.974,0.9195,0.9595
26,THB,2018/04/09,0.8302,0.9732,0.9187,0.9587
27,THB,2018/04/03,0.8301,0.9731,0.9186,0.9586
28,THB,2018/04/02,0.8312,0.9742,0.9197,0.9597
29,THB,2018/03/31,0.8299,0.9729,0.9184,0.9584
30,THB,2018/03/30,0.8293,0.9723,0.9178,0.9578
31,THB,2018/03/29,0.8293,0.9723,0.9178,0.9578
32,THB,2018/03/28,0.8306,0.9736,0.9191,0.9591
33,THB,2018/03/27,0.8315,0.9745,0.92,0.96
34,THB,2018/03/26,0.8315,0.9745,0.92,0.96
35,THB,2018/03/23,0.8302,0.9732,0.9187,0.9587
36,THB,2018/03/22,0.8301,0.9731,0.9186,0.9586
37,THB,2018/03/21,0.8312,0.9742,0.9197,0.9597
38,THB,2018/03/20,0.8312,0.9742,0.9197,0.9597
39,THB,2018/03/19,0.8313,0.9743,0.9198,0.9598
40,THB,2018/03/16,0.8311,0.9741,0.9196,0.9596
41,THB,2018/03/15,0.8331,0.9761,0.9216,0.9616
42,THB,2018/03/14,0.8359,0.9789,0.9244,0.9644
43,THB,2018/03/13,0.8319,0.9749,0.9204,0.9604
44,THB,2018/03/12,0.8315,0.9745,0.92,0.96
45,THB,2018/03/09,0.8301,0.9731,0.9186,0.9586
46,THB,2018/03/08,0.8313,0.9743,0.9198,0.9598
47,THB,2018/03/07,0.8295,0.9725,0.918,0.958
48,THB,2018/03/06,0.8279,0.9709,0.9164,0.9564
49,THB,2018/03/05,0.8276,0.9706,0.9161,0.9561
50,THB,2018/03/02,0.827,0.97,0.9155,0.9555
51,THB,2018/03/01,0.826,0.969,0.9145,0.9545
52,THB,2018/02/27,0.8286,0.9716,0.9171,0.9571
53,THB,2018/02/26,0.8294,0.9724,0.9179,0.9579
54,THB,2018/02/23,0.8265,0.9695,0.915,0.955
55,THB,2018/02/22,0.8226,0.9656,0.9111,0.9511
56,THB,2018/02/21,0.8216,0.9646,0.9101,0.9501
57,THB,2018/02/14,0.8299,0.9729,0.9184,0.9584
58,THB,2018/02/13,0.8273,0.9703,0.9158,0.9558
59,THB,2018/02/12,0.8246,0.9676,0.9131,0.9531
60,THB,2018/02/09,0.8216,0.9646,0.9101,0.9501
61,THB,2018/02/08,0.8196,0.9626,0.9081,0.9481
62,THB,2018/02/07,0.8241,0.9671,0.9126,0.9526
63,THB,2018/02/06,0.8267,0.9697,0.9152,0.9552
64,THB,2018/02/05,0.8245,0.9675,0.913,0.953
65,THB,2018/02/02,0.8281,0.9711,0.9166,0.9566
66,THB,2018/02/01,0.8274,0.9704,0.9159,0.9559
0,PHP,2018/05/16,0.4972,0.6302,0,0
1,PHP,2018/05/15,0.4959,0.6289,0,0
2,PHP,2018/05/14,0.4938,0.6268,0,0
3,PHP,2018/05/11,0.4966,0.6296,0,0
4,PHP,2018/05/10,0.5026,0.6356,0,0
5,PHP,2018/05/09,0.5017,0.6347,0,0
6,PHP,2018/05/08,0.5006,0.6336,0,0
7,PHP,2018/05/07,0.5005,0.6335,0,0
8,PHP,2018/05/04,0.5014,0.6344,0,0
9,PHP,2018/05/03,0.5012,0.6342,0,0
10,PHP,2018/05/02,0.4997,0.6327,0,0
11,PHP,2018/04/30,0.4985,0.6315,0,0
12,PHP,2018/04/27,0.4965,0.6295,0,0
13,PHP,2018/04/26,0.4957,0.6287,0,0
14,PHP,2018/04/25,0.493,0.626,0,0
15,PHP,2018/04/24,0.4926,0.6256,0,0
16,PHP,2018/04/23,0.4911,0.6241,0,0
17,PHP,2018/04/20,0.491,0.624,0,0
18,PHP,2018/04/19,0.4898,0.6228,0,0
19,PHP,2018/04/18,0.4902,0.6232,0,0
20,PHP,2018/04/17,0.4903,0.6233,0,0
21,PHP,2018/04/16,0.4912,0.6242,0,0
22,PHP,2018/04/13,0.4903,0.6233,0,0
23,PHP,2018/04/12,0.4886,0.6216,0,0
24,PHP,2018/04/11,0.4886,0.6216,0,0
25,PHP,2018/04/10,0.4878,0.6208,0,0
26,PHP,2018/04/09,0.4875,0.6205,0,0
27,PHP,2018/04/03,0.486,0.619,0,0
28,PHP,2018/04/02,0.4866,0.6196,0,0
29,PHP,2018/03/31,0.4844,0.6174,0,0
30,PHP,2018/03/30,0.4843,0.6173,0,0
31,PHP,2018/03/29,0.4841,0.6171,0,0
32,PHP,2018/03/28,0.4854,0.6184,0,0
33,PHP,2018/03/27,0.4833,0.6163,0,0
34,PHP,2018/03/26,0.4839,0.6169,0,0
35,PHP,2018/03/23,0.4832,0.6162,0,0
36,PHP,2018/03/22,0.4846,0.6176,0,0
37,PHP,2018/03/21,0.4861,0.6191,0,0
38,PHP,2018/03/20,0.4863,0.6193,0,0
39,PHP,2018/03/19,0.4868,0.6198,0,0
40,PHP,2018/03/16,0.488,0.621,0,0
41,PHP,2018/03/15,0.4876,0.6206,0,0
42,PHP,2018/03/14,0.4884,0.6214,0,0
43,PHP,2018/03/13,0.4886,0.6216,0,0
44,PHP,2018/03/12,0.4891,0.6221,0,0
45,PHP,2018/03/09,0.4895,0.6225,0,0
46,PHP,2018/03/08,0.4888,0.6218,0,0
47,PHP,2018/03/07,0.4893,0.6223,0,0
48,PHP,2018/03/06,0.4893,0.6223,0,0
49,PHP,2018/03/05,0.49,0.623,0,0
50,PHP,2018/03/02,0.4907,0.6237,0,0
51,PHP,2018/03/01,0.4909,0.6239,0,0
52,PHP,2018/02/27,0.4877,0.6207,0,0
53,PHP,2018/02/26,0.4897,0.6227,0,0
54,PHP,2018/02/23,0.491,0.624,0,0
55,PHP,2018/02/22,0.4882,0.6212,0,0
56,PHP,2018/02/21,0.4867,0.6197,0,0
57,PHP,2018/02/14,0.4889,0.6219,0,0
58,PHP,2018/02/13,0.4909,0.6239,0,0
59,PHP,2018/02/12,0.494,0.627,0,0
60,PHP,2018/02/09,0.4975,0.6305,0,0
61,PHP,2018/02/08,0.4985,0.6315,0,0
62,PHP,2018/02/07,0.4986,0.6316,0,0
63,PHP,2018/02/06,0.4966,0.6296,0,0
64,PHP,2018/02/05,0.4954,0.6284,0,0
65,PHP,2018/02/02,0.4941,0.6271,0,0
66,PHP,2018/02/01,0.4925,0.6255,0,0
0,IDR,2018/05/16,0.00178,0.00248,0,0
1,IDR,2018/05/15,0.00178,0.00248,0,0
2,IDR,2018/05/14,0.00178,0.00248,0,0
3,IDR,2018/05/11,0.00178,0.00248,0,0
4,IDR,2018/05/10,0.00178,0.00248,0,0
5,IDR,2018/05/09,0.00178,0.00248,0,0
6,IDR,2018/05/08,0.00178,0.00248,0,0
7,IDR,2018/05/07,0.00178,0.00248,0,0
8,IDR,2018/05/04,0.00178,0.00248,0,0
9,IDR,2018/05/03,0.00178,0.00248,0,0
10,IDR,2018/05/02,0.00178,0.00248,0,0
11,IDR,2018/04/30,0.00178,0.00248,0,0
12,IDR,2018/04/27,0.00178,0.00248,0,0
13,IDR,2018/04/26,0.00178,0.00248,0,0
14,IDR,2018/04/25,0.00178,0.00248,0,0
15,IDR,2018/04/24,0.00178,0.00248,0,0
16,IDR,2018/04/23,0.00178,0.00248,0,0
17,IDR,2018/04/20,0.00178,0.00248,0,0
18,IDR,2018/04/19,0.00178,0.00248,0,0
19,IDR,2018/04/18,0.00178,0.00248,0,0
20,IDR,2018/04/17,0.00178,0.00248,0,0
21,IDR,2018/04/16,0.00178,0.00248,0,0
22,IDR,2018/04/13,0.00178,0.00248,0,0
23,IDR,2018/04/12,0.00178,0.00248,0,0
24,IDR,2018/04/11,0.00178,0.00248,0,0
25,IDR,2018/04/10,0.00178,0.00248,0,0
26,IDR,2018/04/09,0.00178,0.00248,0,0
27,IDR,2018/04/03,0.00178,0.00248,0,0
28,IDR,2018/04/02,0.00178,0.00248,0,0
29,IDR,2018/03/31,0.00178,0.00248,0,0
30,IDR,2018/03/30,0.00178,0.00248,0,0
31,IDR,2018/03/29,0.00178,0.00248,0,0
32,IDR,2018/03/28,0.00178,0.00248,0,0
33,IDR,2018/03/27,0.00178,0.00248,0,0
34,IDR,2018/03/26,0.00178,0.00248,0,0
35,IDR,2018/03/23,0.00178,0.00248,0,0
36,IDR,2018/03/22,0.00178,0.00248,0,0
37,IDR,2018/03/21,0.00178,0.00248,0,0
38,IDR,2018/03/20,0.00178,0.00248,0,0
39,IDR,2018/03/19,0.00178,0.00248,0,0
40,IDR,2018/03/16,0.00178,0.00248,0,0
41,IDR,2018/03/15,0.00178,0.00248,0,0
42,IDR,2018/03/14,0.00178,0.00248,0,0
43,IDR,2018/03/13,0.00178,0.00248,0,0
44,IDR,2018/03/12,0.00178,0.00248,0,0
45,IDR,2018/03/09,0.00178,0.00248,0,0
46,IDR,2018/03/08,0.00178,0.00248,0,0
47,IDR,2018/03/07,0.00178,0.00248,0,0
48,IDR,2018/03/06,0.00178,0.00248,0,0
49,IDR,2018/03/05,0.00178,0.00248,0,0
50,IDR,2018/03/02,0.00178,0.00248,0,0
51,IDR,2018/03/01,0.00178,0.00248,0,0
52,IDR,2018/02/27,0.00178,0.00248,0,0
53,IDR,2018/02/26,0.00178,0.00248,0,0
54,IDR,2018/02/23,0.00178,0.00248,0,0
55,IDR,2018/02/22,0.00178,0.00248,0,0
56,IDR,2018/02/21,0.00178,0.00248,0,0
57,IDR,2018/02/14,0.00178,0.00248,0,0
58,IDR,2018/02/13,0.00178,0.00248,0,0
59,IDR,2018/02/12,0.00183,0.00253,0,0
60,IDR,2018/02/09,0.00183,0.00253,0,0
61,IDR,2018/02/08,0.00183,0.00253,0,0
62,IDR,2018/02/07,0.00183,0.00253,0,0
63,IDR,2018/02/06,0.00183,0.00253,0,0
64,IDR,2018/02/05,0.00183,0.00253,0,0
65,IDR,2018/02/02,0.00183,0.00253,0,0
66,IDR,2018/02/01,0.00183,0.00253,0,0
0,EUR,2018/05/16,34.63,35.78,35.13,35.53
1,EUR,2018/05/15,34.89,36.04,35.39,35.79
2,EUR,2018/05/14,34.91,36.06,35.41,35.81
3,EUR,2018/05/11,34.75,35.9,35.25,35.65
4,EUR,2018/05/10,34.71,35.86,35.21,35.61
5,EUR,2018/05/09,34.72,35.87,35.22,35.62
6,EUR,2018/05/08,34.79,35.94,35.29,35.69
7,EUR,2018/05/07,34.81,35.96,35.31,35.71
8,EUR,2018/05/04,34.84,35.99,35.34,35.74
9,EUR,2018/05/03,34.98,36.13,35.48,35.88
10,EUR,2018/05/02,35.03,36.18,35.53,35.93
11,EUR,2018/04/30,35.18,36.33,35.68,36.08
12,EUR,2018/04/27,35.08,36.23,35.58,35.98
13,EUR,2018/04/26,35.43,36.58,35.93,36.33
14,EUR,2018/04/25,35.45,36.6,35.95,36.35
15,EUR,2018/04/24,35.41,36.56,35.91,36.31
16,EUR,2018/04/23,35.51,36.66,36.01,36.41
17,EUR,2018/04/20,35.55,36.7,36.05,36.45
18,EUR,2018/04/19,35.65,36.8,36.15,36.55
19,EUR,2018/04/18,35.6,36.75,36.1,36.5
20,EUR,2018/04/17,35.71,36.86,36.21,36.61
21,EUR,2018/04/16,35.65,36.8,36.15,36.55
22,EUR,2018/04/13,35.46,36.61,35.96,36.36
23,EUR,2018/04/12,35.48,36.63,35.98,36.38
24,EUR,2018/04/11,35.44,36.59,35.94,36.34
25,EUR,2018/04/10,35.27,36.42,35.77,36.17
26,EUR,2018/04/09,35.16,36.31,35.66,36.06
27,EUR,2018/04/03,35.21,36.36,35.71,36.11
28,EUR,2018/04/02,35.23,36.38,35.73,36.13
29,EUR,2018/03/31,35.17,36.32,35.67,36.07
30,EUR,2018/03/30,35.17,36.32,35.67,36.07
31,EUR,2018/03/29,35.2,36.35,35.7,36.1
32,EUR,2018/03/28,35.45,36.6,35.95,36.35
33,EUR,2018/03/27,35.62,36.77,36.12,36.52
34,EUR,2018/03/26,35.39,36.54,35.89,36.29
35,EUR,2018/03/23,35.24,36.39,35.74,36.14
36,EUR,2018/03/22,35.36,36.51,35.86,36.26
37,EUR,2018/03/21,35.13,36.28,35.63,36.03
38,EUR,2018/03/20,35.3,36.45,35.8,36.2
39,EUR,2018/03/19,35.1,36.25,35.6,36
40,EUR,2018/03/16,35.23,36.38,35.73,36.13
41,EUR,2018/03/15,35.41,36.56,35.91,36.31
42,EUR,2018/03/14,35.55,36.7,36.05,36.45
43,EUR,2018/03/13,35.34,36.49,35.84,36.24
44,EUR,2018/03/12,35.42,36.57,35.92,36.32
45,EUR,2018/03/09,35.37,36.52,35.87,36.27
46,EUR,2018/03/08,35.62,36.77,36.12,36.52
47,EUR,2018/03/07,35.6,36.75,36.1,36.5
48,EUR,2018/03/06,35.41,36.56,35.91,36.31
49,EUR,2018/03/05,35.3,36.45,35.8,36.2
50,EUR,2018/03/02,35.2,36.35,35.7,36.1
51,EUR,2018/03/01,35.06,36.21,35.56,35.96
52,EUR,2018/02/27,35.33,36.48,35.83,36.23
53,EUR,2018/02/26,35.3,36.45,35.8,36.2
54,EUR,2018/02/23,35.32,36.47,35.82,36.22
55,EUR,2018/02/22,35.23,36.38,35.73,36.13
56,EUR,2018/02/21,35.24,36.39,35.74,36.14
57,EUR,2018/02/14,35.58,36.73,36.08,36.48
58,EUR,2018/02/13,35.44,36.59,35.94,36.34
59,EUR,2018/02/12,35.36,36.51,35.86,36.26
60,EUR,2018/02/09,35.37,36.52,35.87,36.27
61,EUR,2018/02/08,35.32,36.47,35.82,36.22
62,EUR,2018/02/07,35.5,36.65,36,36.4
63,EUR,2018/02/06,35.68,36.83,36.18,36.58
64,EUR,2018/02/05,35.76,36.91,36.26,36.66
65,EUR,2018/02/02,35.86,37.01,36.36,36.76
66,EUR,2018/02/01,35.52,36.67,36.02,36.42
0,KRW,2018/05/16,0.02595,0.02985,0,0
1,KRW,2018/05/15,0.02603,0.02993,0,0
2,KRW,2018/05/14,0.02607,0.02997,0,0
3,KRW,2018/05/11,0.02609,0.02999,0,0
4,KRW,2018/05/10,0.02614,0.03004,0,0
5,KRW,2018/05/09,0.02591,0.02981,0,0
6,KRW,2018/05/08,0.02591,0.02981,0,0
7,KRW,2018/05/07,0.02585,0.02975,0,0
8,KRW,2018/05/04,0.02586,0.02976,0,0
9,KRW,2018/05/03,0.02593,0.02983,0,0
10,KRW,2018/05/02,0.02591,0.02981,0,0
11,KRW,2018/04/30,0.02598,0.02988,0,0
12,KRW,2018/04/27,0.02576,0.02966,0,0
13,KRW,2018/04/26,0.02577,0.02967,0,0
14,KRW,2018/04/25,0.02564,0.02954,0,0
15,KRW,2018/04/24,0.02573,0.02963,0,0
16,KRW,2018/04/23,0.02578,0.02968,0,0
17,KRW,2018/04/20,0.02575,0.02965,0,0
18,KRW,2018/04/19,0.02592,0.02982,0,0
19,KRW,2018/04/18,0.02578,0.02968,0,0
20,KRW,2018/04/17,0.02576,0.02966,0,0
21,KRW,2018/04/16,0.02567,0.02957,0,0
22,KRW,2018/04/13,0.02565,0.02955,0,0
23,KRW,2018/04/12,0.02559,0.02949,0,0
24,KRW,2018/04/11,0.02561,0.02951,0,0
25,KRW,2018/04/10,0.02557,0.02947,0,0
26,KRW,2018/04/09,0.02556,0.02946,0,0
27,KRW,2018/04/03,0.02586,0.02976,0,0
28,KRW,2018/04/02,0.02588,0.02978,0,0
29,KRW,2018/03/31,0.02569,0.02959,0,0
30,KRW,2018/03/30,0.02567,0.02957,0,0
31,KRW,2018/03/29,0.02561,0.02951,0,0
32,KRW,2018/03/28,0.02552,0.02942,0,0
33,KRW,2018/03/27,0.02547,0.02937,0,0
34,KRW,2018/03/26,0.02527,0.02917,0,0
35,KRW,2018/03/23,0.02524,0.02914,0,0
36,KRW,2018/03/22,0.02544,0.02934,0,0
37,KRW,2018/03/21,0.0255,0.0294,0,0
38,KRW,2018/03/20,0.02553,0.02943,0,0
39,KRW,2018/03/19,0.02552,0.02942,0,0
40,KRW,2018/03/16,0.02558,0.02948,0,0
41,KRW,2018/03/15,0.02567,0.02957,0,0
42,KRW,2018/03/14,0.02578,0.02968,0,0
43,KRW,2018/03/13,0.0257,0.0296,0,0
44,KRW,2018/03/12,0.02575,0.02965,0,0
45,KRW,2018/03/09,0.02567,0.02957,0,0
46,KRW,2018/03/08,0.02559,0.02949,0,0
47,KRW,2018/03/07,0.02566,0.02956,0,0
48,KRW,2018/03/06,0.02542,0.02932,0,0
49,KRW,2018/03/05,0.02531,0.02921,0,0
50,KRW,2018/03/02,0.02541,0.02931,0,0
51,KRW,2018/03/01,0.02528,0.02918,0,0
52,KRW,2018/02/27,0.02552,0.02942,0,0
53,KRW,2018/02/26,0.0255,0.0294,0,0
54,KRW,2018/02/23,0.02542,0.02932,0,0
55,KRW,2018/02/22,0.0253,0.0292,0,0
56,KRW,2018/02/21,0.02542,0.02932,0,0
57,KRW,2018/02/14,0.02546,0.02936,0,0
58,KRW,2018/02/13,0.02531,0.02921,0,0
59,KRW,2018/02/12,0.02534,0.02924,0,0
60,KRW,2018/02/09,0.02531,0.02921,0,0
61,KRW,2018/02/08,0.02522,0.02912,0,0
62,KRW,2018/02/07,0.02519,0.02909,0,0
63,KRW,2018/02/06,0.02523,0.02913,0,0
64,KRW,2018/02/05,0.02512,0.02902,0,0
65,KRW,2018/02/02,0.02534,0.02924,0,0
66,KRW,2018/02/01,0.0255,0.0294,0,0
0,VND,2018/05/16,0.00094,0.00144,0,0
1,VND,2018/05/15,0.00094,0.00144,0,0
2,VND,2018/05/14,0.00093,0.00143,0,0
3,VND,2018/05/11,0.00093,0.00143,0,0
4,VND,2018/05/10,0.00094,0.00144,0,0
5,VND,2018/05/09,0.00094,0.00144,0,0
6,VND,2018/05/08,0.00093,0.00143,0,0
7,VND,2018/05/07,0.00093,0.00143,0,0
8,VND,2018/05/04,0.00093,0.00143,0,0
9,VND,2018/05/03,0.00093,0.00143,0,0
10,VND,2018/05/02,0.00093,0.00143,0,0
11,VND,2018/04/30,0.00093,0.00143,0,0
12,VND,2018/04/27,0.00093,0.00143,0,0
13,VND,2018/04/26,0.00093,0.00143,0,0
14,VND,2018/04/25,0.00093,0.00143,0,0
15,VND,2018/04/24,0.00093,0.00143,0,0
16,VND,2018/04/23,0.00092,0.00142,0,0
17,VND,2018/04/20,0.00092,0.00142,0,0
18,VND,2018/04/19,0.00091,0.00141,0,0
19,VND,2018/04/18,0.00091,0.00141,0,0
20,VND,2018/04/17,0.00091,0.00141,0,0
21,VND,2018/04/16,0.00092,0.00142,0,0
22,VND,2018/04/13,0.00091,0.00141,0,0
23,VND,2018/04/12,0.00091,0.00141,0,0
24,VND,2018/04/11,0.00091,0.00141,0,0
25,VND,2018/04/10,0.00091,0.00141,0,0
26,VND,2018/04/09,0.00091,0.00141,0,0
27,VND,2018/04/03,0.0009,0.0014,0,0
28,VND,2018/04/02,0.0009,0.0014,0,0
29,VND,2018/03/31,0.0009,0.0014,0,0
30,VND,2018/03/30,0.0009,0.0014,0,0
31,VND,2018/03/29,0.0009,0.0014,0,0
32,VND,2018/03/28,0.0009,0.0014,0,0
33,VND,2018/03/27,0.0009,0.0014,0,0
34,VND,2018/03/26,0.0009,0.0014,0,0
35,VND,2018/03/23,0.0009,0.0014,0,0
36,VND,2018/03/22,0.0009,0.0014,0,0
37,VND,2018/03/21,0.00091,0.00141,0,0
38,VND,2018/03/20,0.00091,0.00141,0,0
39,VND,2018/03/19,0.00091,0.00141,0,0
40,VND,2018/03/16,0.00091,0.00141,0,0
41,VND,2018/03/15,0.00091,0.00141,0,0
42,VND,2018/03/14,0.00091,0.00141,0,0
43,VND,2018/03/13,0.00091,0.00141,0,0
44,VND,2018/03/12,0.00091,0.00141,0,0
45,VND,2018/03/09,0.00091,0.00141,0,0
46,VND,2018/03/08,0.00091,0.00141,0,0
47,VND,2018/03/07,0.00091,0.00141,0,0
48,VND,2018/03/06,0.00091,0.00141,0,0
49,VND,2018/03/05,0.00091,0.00141,0,0
50,VND,2018/03/02,0.00091,0.00141,0,0
51,VND,2018/03/01,0.00091,0.00141,0,0
52,VND,2018/02/27,0.00091,0.00141,0,0
53,VND,2018/02/26,0.00091,0.00141,0,0
54,VND,2018/02/23,0.00091,0.00141,0,0
55,VND,2018/02/22,0.00091,0.00141,0,0
56,VND,2018/02/21,0.00091,0.00141,0,0
57,VND,2018/02/14,0.00092,0.00142,0,0
58,VND,2018/02/13,0.00092,0.00142,0,0
59,VND,2018/02/12,0.00092,0.00142,0,0
60,VND,2018/02/09,0.00092,0.00142,0,0
61,VND,2018/02/08,0.00092,0.00142,0,0
62,VND,2018/02/07,0.00091,0.00141,0,0
63,VND,2018/02/06,0.00092,0.00142,0,0
64,VND,2018/02/05,0.00091,0.00141,0,0
65,VND,2018/02/02,0.00091,0.00141,0,0
66,VND,2018/02/01,0.00091,0.00141,0,0
0,MYR,2018/05/16,6.441,8.071,0,0
1,MYR,2018/05/15,6.455,8.085,0,0
2,MYR,2018/05/14,6.436,8.066,0,0
3,MYR,2018/05/11,6.441,8.071,0,0
4,MYR,2018/05/10,6.466,8.096,0,0
5,MYR,2018/05/09,6.482,8.112,0,0
6,MYR,2018/05/08,6.448,8.078,0,0
7,MYR,2018/05/07,6.451,8.081,0,0
8,MYR,2018/05/04,6.45,8.08,0,0
9,MYR,2018/05/03,6.452,8.082,0,0
10,MYR,2018/05/02,6.478,8.108,0,0
11,MYR,2018/04/30,6.459,8.089,0,0
12,MYR,2018/04/27,6.464,8.094,0,0
13,MYR,2018/04/26,6.484,8.114,0,0
14,MYR,2018/04/25,6.486,8.116,0,0
15,MYR,2018/04/24,6.487,8.117,0,0
16,MYR,2018/04/23,6.513,8.103,0,0
17,MYR,2018/04/20,6.492,8.082,0,0
18,MYR,2018/04/19,6.481,8.071,0,0
19,MYR,2018/04/18,6.485,8.075,0,0
20,MYR,2018/04/17,6.491,8.081,0,0
21,MYR,2018/04/16,6.502,8.092,0,0
22,MYR,2018/04/13,6.487,8.077,0,0
23,MYR,2018/04/12,6.484,8.074,0,0
24,MYR,2018/04/11,6.477,8.067,0,0
25,MYR,2018/04/10,6.485,8.075,0,0
26,MYR,2018/04/09,6.487,8.077,0,0
27,MYR,2018/04/03,6.476,8.066,0,0
28,MYR,2018/04/02,6.482,8.072,0,0
29,MYR,2018/03/31,6.471,8.061,0,0
30,MYR,2018/03/30,6.474,8.064,0,0
31,MYR,2018/03/29,6.474,8.064,0,0
32,MYR,2018/03/28,6.488,8.078,0,0
33,MYR,2018/03/27,6.461,8.051,0,0
34,MYR,2018/03/26,6.406,7.996,0,0
35,MYR,2018/03/23,6.381,7.971,0,0
36,MYR,2018/03/22,6.391,7.981,0,0
37,MYR,2018/03/21,6.373,7.963,0,0
38,MYR,2018/03/20,6.384,7.974,0,0
39,MYR,2018/03/19,6.389,7.979,0,0
40,MYR,2018/03/16,6.376,7.966,0,0
41,MYR,2018/03/15,6.387,7.977,0,0
42,MYR,2018/03/14,6.434,8.024,0,0
43,MYR,2018/03/13,6.426,8.016,0,0
44,MYR,2018/03/12,6.431,8.021,0,0
45,MYR,2018/03/09,6.421,8.011,0,0
46,MYR,2018/03/08,6.427,8.017,0,0
47,MYR,2018/03/07,6.432,8.022,0,0
48,MYR,2018/03/06,6.438,8.028,0,0
49,MYR,2018/03/05,6.436,8.026,0,0
50,MYR,2018/03/02,6.422,8.012,0,0
51,MYR,2018/03/01,6.397,7.987,0,0
52,MYR,2018/02/27,6.401,7.991,0,0
53,MYR,2018/02/26,6.419,8.009,0,0
54,MYR,2018/02/23,6.414,8.004,0,0
55,MYR,2018/02/22,6.411,8.001,0,0
56,MYR,2018/02/21,6.404,7.994,0,0
57,MYR,2018/02/14,6.403,7.993,0,0
58,MYR,2018/02/13,6.387,7.977,0,0
59,MYR,2018/02/12,6.395,7.985,0,0
60,MYR,2018/02/09,6.397,7.987,0,0
61,MYR,2018/02/08,6.418,8.008,0,0
62,MYR,2018/02/07,6.426,8.016,0,0
63,MYR,2018/02/06,6.431,8.021,0,0
64,MYR,2018/02/05,6.452,8.042,0,0
65,MYR,2018/02/02,6.453,8.043,0,0
66,MYR,2018/02/01,6.421,8.011,0,0
0,CNY,2018/05/16,4.596,4.758,4.668,4.718
1,CNY,2018/05/15,4.604,4.766,4.676,4.726
2,CNY,2018/05/14,4.599,4.761,4.671,4.721
3,CNY,2018/05/11,4.602,4.764,4.674,4.724
4,CNY,2018/05/10,4.597,4.759,4.669,4.719
5,CNY,2018/05/09,4.594,4.756,4.666,4.716
6,CNY,2018/05/08,4.581,4.743,4.653,4.703
7,CNY,2018/05/07,4.578,4.74,4.65,4.7
8,CNY,2018/05/04,4.577,4.739,4.649,4.699
9,CNY,2018/05/03,4.579,4.741,4.651,4.701
10,CNY,2018/05/02,4.579,4.741,4.651,4.701
11,CNY,2018/04/30,4.589,4.751,4.661,4.711
12,CNY,2018/04/27,4.578,4.74,4.65,4.7
13,CNY,2018/04/26,4.596,4.758,4.668,4.718
14,CNY,2018/04/25,4.592,4.754,4.664,4.714
15,CNY,2018/04/24,4.593,4.755,4.665,4.715
16,CNY,2018/04/23,4.59,4.752,4.662,4.712
17,CNY,2018/04/20,4.584,4.746,4.656,4.706
18,CNY,2018/04/19,4.584,4.746,4.656,4.706
19,CNY,2018/04/18,4.577,4.739,4.649,4.699
20,CNY,2018/04/17,4.584,4.746,4.656,4.706
21,CNY,2018/04/16,4.588,4.75,4.66,4.71
22,CNY,2018/04/13,4.565,4.727,4.637,4.687
23,CNY,2018/04/12,4.561,4.723,4.633,4.683
24,CNY,2018/04/11,4.551,4.713,4.623,4.673
25,CNY,2018/04/10,4.538,4.7,4.61,4.66
26,CNY,2018/04/09,4.531,4.693,4.603,4.653
27,CNY,2018/04/03,4.545,4.707,4.617,4.667
28,CNY,2018/04/02,4.551,4.713,4.623,4.673
29,CNY,2018/03/31,4.55,4.712,4.622,4.672
30,CNY,2018/03/30,4.547,4.709,4.619,4.669
31,CNY,2018/03/29,4.543,4.705,4.615,4.665
32,CNY,2018/03/28,4.55,4.712,4.622,4.672
33,CNY,2018/03/27,4.565,4.727,4.637,4.687
34,CNY,2018/03/26,4.538,4.7,4.61,4.66
35,CNY,2018/03/23,4.513,4.675,4.585,4.635
36,CNY,2018/03/22,4.516,4.678,4.588,4.638
37,CNY,2018/03/21,4.514,4.676,4.586,4.636
38,CNY,2018/03/20,4.511,4.673,4.583,4.633
39,CNY,2018/03/19,4.514,4.676,4.586,4.636
40,CNY,2018/03/16,4.515,4.677,4.587,4.637
41,CNY,2018/03/15,4.523,4.685,4.595,4.645
42,CNY,2018/03/14,4.537,4.699,4.609,4.659
43,CNY,2018/03/13,4.523,4.685,4.595,4.645
44,CNY,2018/03/12,4.534,4.696,4.606,4.656
45,CNY,2018/03/09,4.525,4.687,4.597,4.647
46,CNY,2018/03/08,4.527,4.689,4.599,4.649
47,CNY,2018/03/07,4.53,4.692,4.602,4.652
48,CNY,2018/03/06,4.518,4.68,4.59,4.64
49,CNY,2018/03/05,4.521,4.683,4.593,4.643
50,CNY,2018/03/02,4.513,4.675,4.585,4.635
51,CNY,2018/03/01,4.52,4.682,4.592,4.642
52,CNY,2018/02/27,4.533,4.695,4.605,4.655
53,CNY,2018/02/26,4.537,4.699,4.609,4.659
54,CNY,2018/02/23,4.526,4.688,4.598,4.648
55,CNY,2018/02/22,4.514,4.676,4.586,4.636
56,CNY,2018/02/21,4.507,4.669,4.579,4.629
57,CNY,2018/02/14,4.531,4.693,4.603,4.653
58,CNY,2018/02/13,4.528,4.69,4.6,4.65
59,CNY,2018/02/12,4.543,4.705,4.615,4.665
60,CNY,2018/02/09,4.556,4.718,4.628,4.678
61,CNY,2018/02/08,4.533,4.695,4.605,4.655
62,CNY,2018/02/07,4.565,4.727,4.637,4.687
63,CNY,2018/02/06,4.563,4.725,4.635,4.685
64,CNY,2018/02/05,4.547,4.709,4.619,4.669
65,CNY,2018/02/02,4.555,4.717,4.627,4.677
66,CNY,2018/02/01,4.532,4.694,4.604,4.654
